Workbook

Sheet Plan1
A1: ID | B1: PRODUTO | C1: VALOR | D1: QTT VENDIDA | E1: PRODUTO DEVOLVIDOS | F1: VENDEDOR | G1: COMISSAO DA VENDA | H1: VALOR TOTAL DA VENDA - COMISSÃO DO VENDEDOR | I1: ANO DA VENDA
A2: 1 | B2: CAFÉ | C2: 10 | D2: 10 | E2: 12 | F2: GUGA | G2: =(Plan1!$C2*10%)*Plan1!$D2 -> 10 | H2: =(Plan1!$C2*Plan1!$D2)-Plan1!$G2 -> 90 | I2: 2011
A3: 2 | B3: ACUCAR | C3: 11 | D3: 211 | E3: 1 | F3: KAMILA SILVA | G3: =(Plan1!$C3*10%)*Plan1!$D3 -> 232.1 | H3: =(Plan1!$C3*Plan1!$D3)-Plan1!$G3 -> 2088.9 | I3: 2010
A4: 3 | B4: ACUCAR | C4: 12 | D4: 100 | E4: 2 | F4: OTAVIO SILVA | G4: =(Plan1!$C4*10%)*Plan1!$D4 -> 120 | H4: =(Plan1!$C4*Plan1!$D4)-Plan1!$G4 -> 1080 | I4: 2011
A5: 4 | B5: FARINHA | C5: 13 | D5: 300 | E5: 0 | F5: ELEONOR | G5: =(Plan1!$C5*10%)*Plan1!$D5 -> 390 | H5: =(Plan1!$C5*Plan1!$D5)-Plan1!$G5 -> 3510 | I5: 2025
A6: 5 | B6: MARGARINHA | C6: 14 | D6: 4 | E6: 1 | F6: ELVIN | G6: =(Plan1!$C6*10%)*Plan1!$D6 -> 5.6 | H6: =(Plan1!$C6*Plan1!$D6)-Plan1!$G6 -> 50.4 | I6: 2011
A7: 6 | B7: FEIJAO | C7: 15 | D7: 5 | E7: 7 | F7: OTAVIO MOURA | G7: =(Plan1!$C7*10%)*Plan1!$D7 -> 7.5 | H7: =(Plan1!$C7*Plan1!$D7)-Plan1!$G7 -> 67.5 | I7: 2010
A8: 7 | B8: ARROS | C8: 16 | D8: 6 | E8: 9 | F8: PAULO | G8: =(Plan1!$C8*10%)*Plan1!$D8 -> 9.6 | H8: =(Plan1!$C8*Plan1!$D8)-Plan1!$G8 -> 86.4 | I8: 2011
A9: 8 | B9: MESA P PIA | C9: 17 | D9: 7 | E9: 2 | F9: HUGO | G9: =(Plan1!$C9*10%)*Plan1!$D9 -> 11.9 | H9: =(Plan1!$C9*Plan1!$D9)-Plan1!$G9 -> 107.1 | I9: 2025
A10: 9 | B10: LUZ LED COZINHA | C10: 18 | D10: 8 | E10: 3 | F10: WELBY | G10: =(Plan1!$C10*10%)*Plan1!$D10 -> 14.4 | H10: =(Plan1!$C10*Plan1!$D10)-Plan1!$G10 -> 129.6 | I10: 2011
A11: 10 | B11: CAFÉ | C11: 19 | D11: 5 | E11: 0 | F11: GUGA | G11: =(Plan1!$C11*10%)*Plan1!$D11 -> 9.5 | H11: =(Plan1!$C11*Plan1!$D11)-Plan1!$G11 -> 85.5 | I11: 2025
A12: 11 | B12: Arroz 5kg | C12: 20 | D12: 9 | E12: 1 | F12: JOSE | G12: =(Plan1!$C12*10%)*Plan1!$D12 -> 18 | H12: =(Plan1!$C12*Plan1!$D12)-Plan1!$G12 -> 162 | I12: 2011
A13: 12 | B13: Feijão Carioca 1kg | C13: 21 | D13: 15 | E13: 2 | F13: JOAO | G13: =(Plan1!$C13*10%)*Plan1!$D13 -> 31.5 | H13: =(Plan1!$C13*Plan1!$D13)-Plan1!$G13 -> 283.5 | I13: 2025
... A29: 28 | B29: Sabão em Pó 1kg | C29: 37 | D29: 31 | E29: 0 | F29: MARIA | G29: =(Plan1!$C29*10%)*Plan1!$D29 -> 114.7 | H29: =(Plan1!$C29*Plan1!$D29)-Plan1!$G29 -> 1032.3 | I29: 2025
